id,name,category,file,bytes,status,url,thumb
"69e8e6e98559290debaa294b","20260422i9dlkk","art","official/art/images/20260422i9dlkk.jpeg","53702","ok","https://files.itab.link/wallpaper/wallspic/20260422i9dlkk.jpeg?x-oss-process=image/resize,limit_1,w_2560,h_1440/quality,Q_94/format,webp","https://files.itab.link/wallpaper/wallspic/20260422i9dlkk.jpeg?x-oss-process=image/resize,limit_1,w_307,h_172/quality,Q_93/format,webp"
"69e8e6e88559290debaa2864","20260422ne2l16","art","official/art/images/20260422ne2l16.jpeg","177710","ok","https://files.itab.link/wallpaper/wallspic/20260422ne2l16.jpeg?x-oss-process=image/resize,limit_1,w_2560,h_1440/quality,Q_94/format,webp","https://files.itab.link/wallpaper/wallspic/20260422ne2l16.jpeg?x-oss-process=image/resize,limit_1,w_307,h_172/quality,Q_93/format,webp"
"6a82ebf3fc5b238d9bccd2ca","202608171d9le3","art","official/art/images/202608171d9le3.jpeg","351324","ok","https://files.itab.link/wallpaper/wallspic/202608171d9le3.jpeg?x-oss-process=image/resize,limit_1,w_2560,h_1440/quality,Q_94/format,webp","https://files.itab.link/wallpaper/wallspic/202608171d9le3.jpeg?x-oss-process=image/resize,limit_1,w_307,h_172/quality,Q_93/format,webp"
"69e8e6e98559290debaa2a1c","2026042266ghai","art","official/art/images/2026042266ghai.jpeg","51358","ok","https://files.itab.link/wallpaper/wallspic/2026042266ghai.jpeg?x-oss-process=image/resize,limit_1,w_2560,h_1440/quality,Q_94/format,webp","https://files.itab.link/wallpaper/wallspic/2026042266ghai.jpeg?x-oss-process=image/resize,limit_1,w_307,h_172/quality,Q_93/format,webp"
"69e8e6e88559290debaa2817","202604227em606","art","official/art/images/202604227em606.jpeg","178104","ok","https://files.itab.link/wallpaper/wallspic/202604227em606.jpeg?x-oss-process=image/resize,limit_1,w_2560,h_1440/quality,Q_94/format,webp","https://files.itab.link/wallpaper/wallspic/202604227em606.jpeg?x-oss-process=image/resize,limit_1,w_307,h_172/quality,Q_93/format,webp"
"69e8e6e88559290debaa2761","20260422cchba6","art","official/art/images/20260422cchba6.jpeg","75162","ok","https://files.itab.link/wallpaper/wallspic/20260422cchba6.jpeg?x-oss-process=image/resize,limit_1,w_2560,h_1440/quality,Q_94/format,webp","https://files.itab.link/wallpaper/wallspic/20260422cchba6.jpeg?x-oss-process=image/resize,limit_1,w_307,h_172/quality,Q_93/format,webp"
"69e8e6e98559290debaa2b43","20260422hc6ia0","art","official/art/images/20260422hc6ia0.jpeg","205270","ok","https://files.itab.link/wallpaper/wallspic/20260422hc6ia0.jpeg?x-oss-process=image/resize,limit_1,w_2560,h_1440/quality,Q_94/format,webp","https://files.itab.link/wallpaper/wallspic/20260422hc6ia0.jpeg?x-oss-process=image/resize,limit_1,w_307,h_172/quality,Q_93/format,webp"
"6a82ebf3fc5b238d9bccd2df","20260817834ma0","art","official/art/images/20260817834ma0.jpeg","284816","ok","https://files.itab.link/wallpaper/wallspic/20260817834ma0.jpeg?x-oss-process=image/resize,limit_1,w_2560,h_1440/quality,Q_94/format,webp","https://files.itab.link/wallpaper/wallspic/20260817834ma0.jpeg?x-oss-process=image/resize,limit_1,w_307,h_172/quality,Q_93/format,webp"
"69e8e6ea8559290debaa2bc4","2026042274el6a","art","official/art/images/2026042274el6a.jpeg","101928","ok","https://files.itab.link/wallpaper/wallspic/2026042274el6a.jpeg?x-oss-process=image/resize,limit_1,w_2560,h_1440/quality,Q_94/format,webp","https://files.itab.link/wallpaper/wallspic/2026042274el6a.jpeg?x-oss-process=image/resize,limit_1,w_307,h_172/quality,Q_93/format,webp"
"6a82ebf3fc5b238d9bccd2fd","20260817i8fbg6","art","official/art/images/20260817i8fbg6.jpeg","643112","ok","https://files.itab.link/wallpaper/wallspic/20260817i8fbg6.jpeg?x-oss-process=image/resize,limit_1,w_2560,h_1440/quality,Q_94/format,webp","https://files.itab.link/wallpaper/wallspic/20260817i8fbg6.jpeg?x-oss-process=image/resize,limit_1,w_307,h_172/quality,Q_93/format,webp"
"69ce7cce8559290deb2e58f5","20260402c10kg0","art","official/art/images/20260402c10kg0.jpeg","67422","ok","https://files.itab.link/wallpaper/wallspic/20260402c10kg0.jpeg?x-oss-process=image/resize,limit_1,w_2560,h_1440/quality,Q_94/format,webp","https://files.itab.link/wallpaper/wallspic/20260402c10kg0.jpeg?x-oss-process=image/resize,limit_1,w_307,h_172/quality,Q_93/format,webp"
"69e8df048559290deb94767a","20260422451dnl","art","official/art/images/20260422451dnl.jpeg","373692","ok","https://files.itab.link/wallpaper/wallspic/20260422451dnl.jpeg?x-oss-process=image/resize,limit_1,w_2560,h_1440/quality,Q_94/format,webp","https://files.itab.link/wallpaper/wallspic/20260422451dnl.jpeg?x-oss-process=image/resize,limit_1,w_307,h_172/quality,Q_93/format,webp"
"6a82ebf3fc5b238d9bccd2d6","20260817gfijf2","art","official/art/images/20260817gfijf2.jpeg","839438","ok","https://files.itab.link/wallpaper/wallspic/20260817gfijf2.jpeg?x-oss-process=image/resize,limit_1,w_2560,h_1440/quality,Q_94/format,webp","https://files.itab.link/wallpaper/wallspic/20260817gfijf2.jpeg?x-oss-process=image/resize,limit_1,w_307,h_172/quality,Q_93/format,webp"
"69ce7cce8559290deb2e5a08","20260402j50hg0","art","official/art/images/20260402j50hg0.jpeg","178142","ok","https://files.itab.link/wallpaper/wallspic/20260402j50hg0.jpeg?x-oss-process=image/resize,limit_1,w_2560,h_1440/quality,Q_94/format,webp","https://files.itab.link/wallpaper/wallspic/20260402j50hg0.jpeg?x-oss-process=image/resize,limit_1,w_307,h_172/quality,Q_93/format,webp"
"69ce7cce8559290deb2e59d7","20260402b3la07","art","official/art/images/20260402b3la07.jpeg","515558","ok","https://files.itab.link/wallpaper/wallspic/20260402b3la07.jpeg?x-oss-process=image/resize,limit_1,w_2560,h_1440/quality,Q_94/format,webp","https://files.itab.link/wallpaper/wallspic/20260402b3la07.jpeg?x-oss-process=image/resize,limit_1,w_307,h_172/quality,Q_93/format,webp"
"69ce7ccd8559290deb2e57d5","202604021me9k4","art","official/art/images/202604021me9k4.jpeg","899612","ok","https://files.itab.link/wallpaper/wallspic/202604021me9k4.jpeg?x-oss-process=image/resize,limit_1,w_2560,h_1440/quality,Q_94/format,webp","https://files.itab.link/wallpaper/wallspic/202604021me9k4.jpeg?x-oss-process=image/resize,limit_1,w_307,h_172/quality,Q_93/format,webp"
"69ce7cce8559290deb2e5a03","20260402j2mi31","art","official/art/images/20260402j2mi31.jpeg","367830","ok","https://files.itab.link/wallpaper/wallspic/20260402j2mi31.jpeg?x-oss-process=image/resize,limit_1,w_2560,h_1440/quality,Q_94/format,webp","https://files.itab.link/wallpaper/wallspic/20260402j2mi31.jpeg?x-oss-process=image/resize,limit_1,w_307,h_172/quality,Q_93/format,webp"
"69ce7aee8559290deb284a57","202604022bl7dd","art","official/art/images/202604022bl7dd.jpeg","1048804","ok","https://files.itab.link/wallpaper/wallspic/202604022bl7dd.jpeg?x-oss-process=image/resize,limit_1,w_2560,h_1440/quality,Q_94/format,webp","https://files.itab.link/wallpaper/wallspic/202604022bl7dd.jpeg?x-oss-process=image/resize,limit_1,w_307,h_172/quality,Q_93/format,webp"
"69ce7cce8559290deb2e5a50","20260402in6d0n","art","official/art/images/20260402in6d0n.jpeg","218396","ok","https://files.itab.link/wallpaper/wallspic/20260402in6d0n.jpeg?x-oss-process=image/resize,limit_1,w_2560,h_1440/quality,Q_94/format,webp","https://files.itab.link/wallpaper/wallspic/20260402in6d0n.jpeg?x-oss-process=image/resize,limit_1,w_307,h_172/quality,Q_93/format,webp"
"69ce7cce8559290deb2e5978","20260402idm52d","art","official/art/images/20260402idm52d.jpeg","884524","ok","https://files.itab.link/wallpaper/wallspic/20260402idm52d.jpeg?x-oss-process=image/resize,limit_1,w_2560,h_1440/quality,Q_94/format,webp","https://files.itab.link/wallpaper/wallspic/20260402idm52d.jpeg?x-oss-process=image/resize,limit_1,w_307,h_172/quality,Q_93/format,webp"
"69ce7cce8559290deb2e5aed","202604020gbdfg","art","official/art/images/202604020gbdfg.jpeg","372980","ok","https://files.itab.link/wallpaper/wallspic/202604020gbdfg.jpeg?x-oss-process=image/resize,limit_1,w_2560,h_1440/quality,Q_94/format,webp","https://files.itab.link/wallpaper/wallspic/202604020gbdfg.jpeg?x-oss-process=image/resize,limit_1,w_307,h_172/quality,Q_93/format,webp"
"69ce7cce8559290deb2e59f4","202604023fkfjl","art","official/art/images/202604023fkfjl.jpeg","953962","ok","https://files.itab.link/wallpaper/wallspic/202604023fkfjl.jpeg?x-oss-process=image/resize,limit_1,w_2560,h_1440/quality,Q_94/format,webp","https://files.itab.link/wallpaper/wallspic/202604023fkfjl.jpeg?x-oss-process=image/resize,limit_1,w_307,h_172/quality,Q_93/format,webp"
"69ce7cce8559290deb2e5a39","202604024kmjk7","art","official/art/images/202604024kmjk7.jpeg","1020004","ok","https://files.itab.link/wallpaper/wallspic/202604024kmjk7.jpeg?x-oss-process=image/resize,limit_1,w_2560,h_1440/quality,Q_94/format,webp","https://files.itab.link/wallpaper/wallspic/202604024kmjk7.jpeg?x-oss-process=image/resize,limit_1,w_307,h_172/quality,Q_93/format,webp"
"69ce7cce8559290deb2e5aab","20260402ldn4n2","art","official/art/images/20260402ldn4n2.jpeg","1132246","ok","https://files.itab.link/wallpaper/wallspic/20260402ldn4n2.jpeg?x-oss-process=image/resize,limit_1,w_2560,h_1440/quality,Q_94/format,webp","https://files.itab.link/wallpaper/wallspic/20260402ldn4n2.jpeg?x-oss-process=image/resize,limit_1,w_307,h_172/quality,Q_93/format,webp"
"69ce7c0d8559290deb2be83a","202604025hlca2","art","official/art/images/202604025hlca2.png","263148","ok","https://files.itab.link/wallpaper/wallspic/202604025hlca2.png?x-oss-process=image/resize,limit_1,w_2560,h_1440/quality,Q_94/format,webp","https://files.itab.link/wallpaper/wallspic/202604025hlca2.png?x-oss-process=image/resize,limit_1,w_307,h_172/quality,Q_93/format,webp"
"698b4a748559290debbc032e","20260210d0becb","art","official/art/images/20260210d0becb.jpeg","96356","ok","https://files.itab.link/wallpaper/wallspic/20260210d0becb.jpeg?x-oss-process=image/resize,limit_1,w_2560,h_1440/quality,Q_94/format,webp","https://files.itab.link/wallpaper/wallspic/20260210d0becb.jpeg?x-oss-process=image/resize,limit_1,w_307,h_172/quality,Q_93/format,webp"
"69ce7b028559290deb288d0e","20260402mlfenj","art","official/art/images/20260402mlfenj.jpeg","564152","ok","https://files.itab.link/wallpaper/wallspic/20260402mlfenj.jpeg?x-oss-process=image/resize,limit_1,w_2560,h_1440/quality,Q_94/format,webp","https://files.itab.link/wallpaper/wallspic/20260402mlfenj.jpeg?x-oss-process=image/resize,limit_1,w_307,h_172/quality,Q_93/format,webp"
"69ce7c0b8559290deb2be26d","20260402clm0k7","art","official/art/images/20260402clm0k7.jpeg","436620","ok","https://files.itab.link/wallpaper/wallspic/20260402clm0k7.jpeg?x-oss-process=image/resize,limit_1,w_2560,h_1440/quality,Q_94/format,webp","https://files.itab.link/wallpaper/wallspic/20260402clm0k7.jpeg?x-oss-process=image/resize,limit_1,w_307,h_172/quality,Q_93/format,webp"
"698b47e88559290debb59a4e","202602105hj0c4","art","official/art/images/202602105hj0c4.png","223606","ok","https://files.itab.link/wallpaper/wallspic/202602105hj0c4.png?x-oss-process=image/resize,limit_1,w_2560,h_1440/quality,Q_94/format,webp","https://files.itab.link/wallpaper/wallspic/202602105hj0c4.png?x-oss-process=image/resize,limit_1,w_307,h_172/quality,Q_93/format,webp"
"698b47ec8559290debb5a448","20260210gg4j36","art","official/art/images/20260210gg4j36.png","424412","ok","https://files.itab.link/wallpaper/wallspic/20260210gg4j36.png?x-oss-process=image/resize,limit_1,w_2560,h_1440/quality,Q_94/format,webp","https://files.itab.link/wallpaper/wallspic/20260210gg4j36.png?x-oss-process=image/resize,limit_1,w_307,h_172/quality,Q_93/format,webp"
"66b804770663f26d7feef837","20240811133361","art","official/art/images/20240811133361.jpeg","123152","ok","https://files.itab.link/wallpaper/wallspic/20240811133361.jpeg?x-oss-process=image/resize,limit_1,w_2560,h_1440/quality,Q_94/format,webp","https://files.itab.link/wallpaper/wallspic/20240811133361.jpeg?x-oss-process=image/resize,limit_1,w_307,h_172/quality,Q_93/format,webp"
"69ce7c0b8559290deb2be26e","20260402dh90k1","art","official/art/images/20260402dh90k1.jpeg","646380","ok","https://files.itab.link/wallpaper/wallspic/20260402dh90k1.jpeg?x-oss-process=image/resize,limit_1,w_2560,h_1440/quality,Q_94/format,webp","https://files.itab.link/wallpaper/wallspic/20260402dh90k1.jpeg?x-oss-process=image/resize,limit_1,w_307,h_172/quality,Q_93/format,webp"
"66b804770663f26d7feef870","202408111lhb00","art","official/art/images/202408111lhb00.jpeg","90690","ok","https://files.itab.link/wallpaper/wallspic/202408111lhb00.jpeg?x-oss-process=image/resize,limit_1,w_2560,h_1440/quality,Q_94/format,webp","https://files.itab.link/wallpaper/wallspic/202408111lhb00.jpeg?x-oss-process=image/resize,limit_1,w_307,h_172/quality,Q_93/format,webp"
"671b37535ac7e0e7c8159683","20241025n91j4d","art","official/art/images/20241025n91j4d.png","333644","ok","https://files.itab.link/wallpaper/wallspic/20241025n91j4d.png?x-oss-process=image/resize,limit_1,w_2560,h_1440/quality,Q_94/format,webp","https://files.itab.link/wallpaper/wallspic/20241025n91j4d.png?x-oss-process=image/resize,limit_1,w_307,h_172/quality,Q_93/format,webp"
"66b804770663f26d7feef889","20240811081b4f","art","official/art/images/20240811081b4f.jpeg","105098","ok","https://files.itab.link/wallpaper/wallspic/20240811081b4f.jpeg?x-oss-process=image/resize,limit_1,w_2560,h_1440/quality,Q_94/format,webp","https://files.itab.link/wallpaper/wallspic/20240811081b4f.jpeg?x-oss-process=image/resize,limit_1,w_307,h_172/quality,Q_93/format,webp"
"665eccf9853eb1a41276f1aa","202406043f86ll","art","official/art/images/202406043f86ll.jpeg","52120","ok","https://files.itab.link/wallpaper/wallspic/202406043f86ll.jpeg?x-oss-process=image/resize,limit_1,w_2560,h_1440/quality,Q_94/format,webp","https://files.itab.link/wallpaper/wallspic/202406043f86ll.jpeg?x-oss-process=image/resize,limit_1,w_307,h_172/quality,Q_93/format,webp"
"671b37535ac7e0e7c815945a","2024102524cij2","art","official/art/images/2024102524cij2.png","501140","ok","https://files.itab.link/wallpaper/wallspic/2024102524cij2.png?x-oss-process=image/resize,limit_1,w_2560,h_1440/quality,Q_94/format,webp","https://files.itab.link/wallpaper/wallspic/2024102524cij2.png?x-oss-process=image/resize,limit_1,w_307,h_172/quality,Q_93/format,webp"
"662915d25d6039f144b8b7be","20240424m1g827","art","official/art/images/20240424m1g827.jpeg","43794","ok","https://files.itab.link/wallpaper/wallspic/20240424m1g827.jpeg?x-oss-process=image/resize,limit_1,w_2560,h_1440/quality,Q_94/format,webp","https://files.itab.link/wallpaper/wallspic/20240424m1g827.jpeg?x-oss-process=image/resize,limit_1,w_307,h_172/quality,Q_93/format,webp"
"67585e176e258c4af475f687","20241210l4531c","art","official/art/images/20241210l4531c.png","673176","ok","https://files.itab.link/wallpaper/wallspic/20241210l4531c.png?x-oss-process=image/resize,limit_1,w_2560,h_1440/quality,Q_94/format,webp","https://files.itab.link/wallpaper/wallspic/20241210l4531c.png?x-oss-process=image/resize,limit_1,w_307,h_172/quality,Q_93/format,webp"
"662bbdc15d6039f14480c100","20240426im6d2d","art","official/art/images/20240426im6d2d.jpeg","70954","ok","https://files.itab.link/wallpaper/wallspic/20240426im6d2d.jpeg?x-oss-process=image/resize,limit_1,w_2560,h_1440/quality,Q_94/format,webp","https://files.itab.link/wallpaper/wallspic/20240426im6d2d.jpeg?x-oss-process=image/resize,limit_1,w_307,h_172/quality,Q_93/format,webp"
"665eccfa853eb1a41276f62d","202406043h93mj","art","official/art/images/202406043h93mj.jpeg","370074","ok","https://files.itab.link/wallpaper/wallspic/202406043h93mj.jpeg?x-oss-process=image/resize,limit_1,w_2560,h_1440/quality,Q_94/format,webp","https://files.itab.link/wallpaper/wallspic/202406043h93mj.jpeg?x-oss-process=image/resize,limit_1,w_307,h_172/quality,Q_93/format,webp"
"665eccfb853eb1a41276f828","20240604106cbm","art","official/art/images/20240604106cbm.jpeg","600378","ok","https://files.itab.link/wallpaper/wallspic/20240604106cbm.jpeg?x-oss-process=image/resize,limit_1,w_2560,h_1440/quality,Q_94/format,webp","https://files.itab.link/wallpaper/wallspic/20240604106cbm.jpeg?x-oss-process=image/resize,limit_1,w_307,h_172/quality,Q_93/format,webp"
"652fde30cd2dc76136a5e23c","20231018lb54cg","art","official/art/images/20231018lb54cg.webp","93876","ok","https://files.itab.link/wallpaper/wallspic/20231018lb54cg.webp?x-oss-process=image/resize,limit_1,w_2560,h_1440/quality,Q_94/format,webp","https://files.itab.link/wallpaper/wallspic/20231018lb54cg.webp?x-oss-process=image/resize,limit_1,w_307,h_172/quality,Q_93/format,webp"
"662915d65d6039f144b8c6ae","202404244c8b2l","art","official/art/images/202404244c8b2l.jpeg","482672","ok","https://files.itab.link/wallpaper/wallspic/202404244c8b2l.jpeg?x-oss-process=image/resize,limit_1,w_2560,h_1440/quality,Q_94/format,webp","https://files.itab.link/wallpaper/wallspic/202404244c8b2l.jpeg?x-oss-process=image/resize,limit_1,w_307,h_172/quality,Q_93/format,webp"
"662915d65d6039f144b8c64c","202404242h2702","art","official/art/images/202404242h2702.jpeg","713662","ok","https://files.itab.link/wallpaper/wallspic/202404242h2702.jpeg?x-oss-process=image/resize,limit_1,w_2560,h_1440/quality,Q_94/format,webp","https://files.itab.link/wallpaper/wallspic/202404242h2702.jpeg?x-oss-process=image/resize,limit_1,w_307,h_172/quality,Q_93/format,webp"
"65f29e1488d5412076803dfb","20240314c4g9f8","art","official/art/images/20240314c4g9f8.jpeg","872804","ok","https://files.itab.link/wallpaper/wallspic/20240314c4g9f8.jpeg?x-oss-process=image/resize,limit_1,w_2560,h_1440/quality,Q_94/format,webp","https://files.itab.link/wallpaper/wallspic/20240314c4g9f8.jpeg?x-oss-process=image/resize,limit_1,w_307,h_172/quality,Q_93/format,webp"
"655d61f661f69feed8e795c1","20231122i63j07","art","official/art/images/20231122i63j07.jpeg","123802","ok","https://files.itab.link/wallpaper/wallspic/20231122i63j07.jpeg?x-oss-process=image/resize,limit_1,w_2560,h_1440/quality,Q_94/format,webp","https://files.itab.link/wallpaper/wallspic/20231122i63j07.jpeg?x-oss-process=image/resize,limit_1,w_307,h_172/quality,Q_93/format,webp"
"655d61f661f69feed8e795ae","202311227ak9f4","art","official/art/images/202311227ak9f4.jpeg","91830","ok","https://files.itab.link/wallpaper/wallspic/202311227ak9f4.jpeg?x-oss-process=image/resize,limit_1,w_2560,h_1440/quality,Q_94/format,webp","https://files.itab.link/wallpaper/wallspic/202311227ak9f4.jpeg?x-oss-process=image/resize,limit_1,w_307,h_172/quality,Q_93/format,webp"
"655d61f661f69feed8e795b7","20231122c345b4","art","official/art/images/20231122c345b4.jpeg","94184","ok","https://files.itab.link/wallpaper/wallspic/20231122c345b4.jpeg?x-oss-process=image/resize,limit_1,w_2560,h_1440/quality,Q_94/format,webp","https://files.itab.link/wallpaper/wallspic/20231122c345b4.jpeg?x-oss-process=image/resize,limit_1,w_307,h_172/quality,Q_93/format,webp"
"655d61f661f69feed8e795c3","20231122412lke","art","official/art/images/20231122412lke.jpeg","99452","ok","https://files.itab.link/wallpaper/wallspic/20231122412lke.jpeg?x-oss-process=image/resize,limit_1,w_2560,h_1440/quality,Q_94/format,webp","https://files.itab.link/wallpaper/wallspic/20231122412lke.jpeg?x-oss-process=image/resize,limit_1,w_307,h_172/quality,Q_93/format,webp"
"65543eb061f69feed854084b","20231115jbfbck","art","official/art/images/20231115jbfbck.png","42780","ok","https://files.itab.link/wallpaper/wallspic/20231115jbfbck.png?x-oss-process=image/resize,limit_1,w_2560,h_1440/quality,Q_94/format,webp","https://files.itab.link/wallpaper/wallspic/20231115jbfbck.png?x-oss-process=image/resize,limit_1,w_307,h_172/quality,Q_93/format,webp"
"65543e9461f69feed853f6d7","20231115l7d83g","art","official/art/images/20231115l7d83g.png","125256","ok","https://files.itab.link/wallpaper/wallspic/20231115l7d83g.png?x-oss-process=image/resize,limit_1,w_2560,h_1440/quality,Q_94/format,webp","https://files.itab.link/wallpaper/wallspic/20231115l7d83g.png?x-oss-process=image/resize,limit_1,w_307,h_172/quality,Q_93/format,webp"
"655d61f661f69feed8e795cf","20231122c12lm1","art","official/art/images/20231122c12lm1.jpeg","406220","ok","https://files.itab.link/wallpaper/wallspic/20231122c12lm1.jpeg?x-oss-process=image/resize,limit_1,w_2560,h_1440/quality,Q_94/format,webp","https://files.itab.link/wallpaper/wallspic/20231122c12lm1.jpeg?x-oss-process=image/resize,limit_1,w_307,h_172/quality,Q_93/format,webp"
"65543e8c61f69feed853f20a","202311156h3eca","art","official/art/images/202311156h3eca.webp","254894","ok","https://files.itab.link/wallpaper/wallspic/202311156h3eca.webp?x-oss-process=image/resize,limit_1,w_2560,h_1440/quality,Q_94/format,webp","https://files.itab.link/wallpaper/wallspic/202311156h3eca.webp?x-oss-process=image/resize,limit_1,w_307,h_172/quality,Q_93/format,webp"
"65543e8c61f69feed853f1f2","20231115860j8l","art","official/art/images/20231115860j8l.webp","214626","ok","https://files.itab.link/wallpaper/wallspic/20231115860j8l.webp?x-oss-process=image/resize,limit_1,w_2560,h_1440/quality,Q_94/format,webp","https://files.itab.link/wallpaper/wallspic/20231115860j8l.webp?x-oss-process=image/resize,limit_1,w_307,h_172/quality,Q_93/format,webp"
"65543e8c61f69feed853f1e9","20231115di42n8","art","official/art/images/20231115di42n8.webp","147326","ok","https://files.itab.link/wallpaper/wallspic/20231115di42n8.webp?x-oss-process=image/resize,limit_1,w_2560,h_1440/quality,Q_94/format,webp","https://files.itab.link/wallpaper/wallspic/20231115di42n8.webp?x-oss-process=image/resize,limit_1,w_307,h_172/quality,Q_93/format,webp"
"65543e8c61f69feed853f1dd","20231115h166be","art","official/art/images/20231115h166be.webp","198832","ok","https://files.itab.link/wallpaper/wallspic/20231115h166be.webp?x-oss-process=image/resize,limit_1,w_2560,h_1440/quality,Q_94/format,webp","https://files.itab.link/wallpaper/wallspic/20231115h166be.webp?x-oss-process=image/resize,limit_1,w_307,h_172/quality,Q_93/format,webp"
"65543e8d61f69feed853f218","202311157ndbja","art","official/art/images/202311157ndbja.webp","442264","ok","https://files.itab.link/wallpaper/wallspic/202311157ndbja.webp?x-oss-process=image/resize,limit_1,w_2560,h_1440/quality,Q_94/format,webp","https://files.itab.link/wallpaper/wallspic/202311157ndbja.webp?x-oss-process=image/resize,limit_1,w_307,h_172/quality,Q_93/format,webp"
"65543e8c61f69feed853f1d9","20231115ng1l95","art","official/art/images/20231115ng1l95.webp","47742","ok","https://files.itab.link/wallpaper/wallspic/20231115ng1l95.webp?x-oss-process=image/resize,limit_1,w_2560,h_1440/quality,Q_94/format,webp","https://files.itab.link/wallpaper/wallspic/20231115ng1l95.webp?x-oss-process=image/resize,limit_1,w_307,h_172/quality,Q_93/format,webp"
"65543e8c61f69feed853f1e2","20231115efj6gb","art","official/art/images/20231115efj6gb.jpeg","287554","ok","https://files.itab.link/wallpaper/wallspic/20231115efj6gb.jpeg?x-oss-process=image/resize,limit_1,w_2560,h_1440/quality,Q_94/format,webp","https://files.itab.link/wallpaper/wallspic/20231115efj6gb.jpeg?x-oss-process=image/resize,limit_1,w_307,h_172/quality,Q_93/format,webp"
"6548b4a561f69feed8ccfc54","20231106a1c3l9","art","official/art/images/20231106a1c3l9.jpeg","22612","ok","https://files.itab.link/wallpaper/wallspic/20231106a1c3l9.jpeg?x-oss-process=image/resize,limit_1,w_2560,h_1440/quality,Q_94/format,webp","https://files.itab.link/wallpaper/wallspic/20231106a1c3l9.jpeg?x-oss-process=image/resize,limit_1,w_307,h_172/quality,Q_93/format,webp"
"6548b4a561f69feed8ccfc53","20231106g3a07g","art","official/art/images/20231106g3a07g.jpeg","40994","ok","https://files.itab.link/wallpaper/wallspic/20231106g3a07g.jpeg?x-oss-process=image/resize,limit_1,w_2560,h_1440/quality,Q_94/format,webp","https://files.itab.link/wallpaper/wallspic/20231106g3a07g.jpeg?x-oss-process=image/resize,limit_1,w_307,h_172/quality,Q_93/format,webp"
"652fde2fcd2dc76136a5e220","202310184kkmgc","art","official/art/images/202310184kkmgc.webp","91240","ok","https://files.itab.link/wallpaper/wallspic/202310184kkmgc.webp?x-oss-process=image/resize,limit_1,w_2560,h_1440/quality,Q_94/format,webp","https://files.itab.link/wallpaper/wallspic/202310184kkmgc.webp?x-oss-process=image/resize,limit_1,w_307,h_172/quality,Q_93/format,webp"
"652fde30cd2dc76136a5e234","20231018ck6ic1","art","official/art/images/20231018ck6ic1.jpeg","266500","ok","https://files.itab.link/wallpaper/wallspic/20231018ck6ic1.jpeg?x-oss-process=image/resize,limit_1,w_2560,h_1440/quality,Q_94/format,webp","https://files.itab.link/wallpaper/wallspic/20231018ck6ic1.jpeg?x-oss-process=image/resize,limit_1,w_307,h_172/quality,Q_93/format,webp"
"652fde30cd2dc76136a5e236","20231018k27fl8","art","official/art/images/20231018k27fl8.webp","272630","ok","https://files.itab.link/wallpaper/wallspic/20231018k27fl8.webp?x-oss-process=image/resize,limit_1,w_2560,h_1440/quality,Q_94/format,webp","https://files.itab.link/wallpaper/wallspic/20231018k27fl8.webp?x-oss-process=image/resize,limit_1,w_307,h_172/quality,Q_93/format,webp"
"65543eb061f69feed8540853","2023111589l8lj","art","official/art/images/2023111589l8lj.jpeg","1266796","ok","https://files.itab.link/wallpaper/wallspic/2023111589l8lj.jpeg?x-oss-process=image/resize,limit_1,w_2560,h_1440/quality,Q_94/format,webp","https://files.itab.link/wallpaper/wallspic/2023111589l8lj.jpeg?x-oss-process=image/resize,limit_1,w_307,h_172/quality,Q_93/format,webp"
"6548b4a461f69feed8ccfb6a","20231106a1ed3g","art","official/art/images/20231106a1ed3g.webp","532142","ok","https://files.itab.link/wallpaper/wallspic/20231106a1ed3g.webp?x-oss-process=image/resize,limit_1,w_2560,h_1440/quality,Q_94/format,webp","https://files.itab.link/wallpaper/wallspic/20231106a1ed3g.webp?x-oss-process=image/resize,limit_1,w_307,h_172/quality,Q_93/format,webp"
"652fde2fcd2dc76136a5e21e","202310187a2f12","art","official/art/images/202310187a2f12.webp","181234","ok","https://files.itab.link/wallpaper/wallspic/202310187a2f12.webp?x-oss-process=image/resize,limit_1,w_2560,h_1440/quality,Q_94/format,webp","https://files.itab.link/wallpaper/wallspic/202310187a2f12.webp?x-oss-process=image/resize,limit_1,w_307,h_172/quality,Q_93/format,webp"
"652fde2fcd2dc76136a5e1ac","20231018i62cki","art","official/art/images/20231018i62cki.jpeg","153500","ok","https://files.itab.link/wallpaper/wallspic/20231018i62cki.jpeg?x-oss-process=image/resize,limit_1,w_2560,h_1440/quality,Q_94/format,webp","https://files.itab.link/wallpaper/wallspic/20231018i62cki.jpeg?x-oss-process=image/resize,limit_1,w_307,h_172/quality,Q_93/format,webp"
"652fdc4dcd2dc76136a4ce58","202310180inceb","art","official/art/images/202310180inceb.webp","293576","ok","https://files.itab.link/wallpaper/wallspic/202310180inceb.webp?x-oss-process=image/resize,limit_1,w_2560,h_1440/quality,Q_94/format,webp","https://files.itab.link/wallpaper/wallspic/202310180inceb.webp?x-oss-process=image/resize,limit_1,w_307,h_172/quality,Q_93/format,webp"
"652fdc4dcd2dc76136a4ce54","20231018g3797n","art","official/art/images/20231018g3797n.webp","493996","ok","https://files.itab.link/wallpaper/wallspic/20231018g3797n.webp?x-oss-process=image/resize,limit_1,w_2560,h_1440/quality,Q_94/format,webp","https://files.itab.link/wallpaper/wallspic/20231018g3797n.webp?x-oss-process=image/resize,limit_1,w_307,h_172/quality,Q_93/format,webp"
"652fdc4dcd2dc76136a4ce4c","202310187j99dm","art","official/art/images/202310187j99dm.webp","166836","ok","https://files.itab.link/wallpaper/wallspic/202310187j99dm.webp?x-oss-process=image/resize,limit_1,w_2560,h_1440/quality,Q_94/format,webp","https://files.itab.link/wallpaper/wallspic/202310187j99dm.webp?x-oss-process=image/resize,limit_1,w_307,h_172/quality,Q_93/format,webp"
"652fdc4dcd2dc76136a4ce63","20231018i4ajnm","art","official/art/images/20231018i4ajnm.webp","271838","ok","https://files.itab.link/wallpaper/wallspic/20231018i4ajnm.webp?x-oss-process=image/resize,limit_1,w_2560,h_1440/quality,Q_94/format,webp","https://files.itab.link/wallpaper/wallspic/20231018i4ajnm.webp?x-oss-process=image/resize,limit_1,w_307,h_172/quality,Q_93/format,webp"
"652fdc4dcd2dc76136a4ce5a","20231018a3h5bl","art","official/art/images/20231018a3h5bl.webp","592598","ok","https://files.itab.link/wallpaper/wallspic/20231018a3h5bl.webp?x-oss-process=image/resize,limit_1,w_2560,h_1440/quality,Q_94/format,webp","https://files.itab.link/wallpaper/wallspic/20231018a3h5bl.webp?x-oss-process=image/resize,limit_1,w_307,h_172/quality,Q_93/format,webp"
"652fdc4dcd2dc76136a4ce52","202310188dfmg2","art","official/art/images/202310188dfmg2.webp","368218","ok","https://files.itab.link/wallpaper/wallspic/202310188dfmg2.webp?x-oss-process=image/resize,limit_1,w_2560,h_1440/quality,Q_94/format,webp","https://files.itab.link/wallpaper/wallspic/202310188dfmg2.webp?x-oss-process=image/resize,limit_1,w_307,h_172/quality,Q_93/format,webp"
"652fd93dcd2dc76136a30a73","2023101829937a","art","official/art/images/2023101829937a.jpeg","353848","ok","https://files.itab.link/wallpaper/wallspic/2023101829937a.jpeg?x-oss-process=image/resize,limit_1,w_2560,h_1440/quality,Q_94/format,webp","https://files.itab.link/wallpaper/wallspic/2023101829937a.jpeg?x-oss-process=image/resize,limit_1,w_307,h_172/quality,Q_93/format,webp"
"652fd93dcd2dc76136a30a65","20231018mkdlfd","art","official/art/images/20231018mkdlfd.jpeg","350794","ok","https://files.itab.link/wallpaper/wallspic/20231018mkdlfd.jpeg?x-oss-process=image/resize,limit_1,w_2560,h_1440/quality,Q_94/format,webp","https://files.itab.link/wallpaper/wallspic/20231018mkdlfd.jpeg?x-oss-process=image/resize,limit_1,w_307,h_172/quality,Q_93/format,webp"
"652fd93ccd2dc76136a309dc","2023101801j777","art","official/art/images/2023101801j777.jpeg","166390","ok","https://files.itab.link/wallpaper/wallspic/2023101801j777.jpeg?x-oss-process=image/resize,limit_1,w_2560,h_1440/quality,Q_94/format,webp","https://files.itab.link/wallpaper/wallspic/2023101801j777.jpeg?x-oss-process=image/resize,limit_1,w_307,h_172/quality,Q_93/format,webp"
"652ca725cd2dc76136301e88","202310160a50fm","art","official/art/images/202310160a50fm.png","115346","ok","https://files.itab.link/wallpaper/wallspic/202310160a50fm.png?x-oss-process=image/resize,limit_1,w_2560,h_1440/quality,Q_94/format,webp","https://files.itab.link/wallpaper/wallspic/202310160a50fm.png?x-oss-process=image/resize,limit_1,w_307,h_172/quality,Q_93/format,webp"
"652fd93dcd2dc76136a30a61","202310182ggnhk","art","official/art/images/202310182ggnhk.jpeg","291982","ok","https://files.itab.link/wallpaper/wallspic/202310182ggnhk.jpeg?x-oss-process=image/resize,limit_1,w_2560,h_1440/quality,Q_94/format,webp","https://files.itab.link/wallpaper/wallspic/202310182ggnhk.jpeg?x-oss-process=image/resize,limit_1,w_307,h_172/quality,Q_93/format,webp"
"652ca725cd2dc76136301e95","20231016i2b7b6","art","official/art/images/20231016i2b7b6.png","364374","ok","https://files.itab.link/wallpaper/wallspic/20231016i2b7b6.png?x-oss-process=image/resize,limit_1,w_2560,h_1440/quality,Q_94/format,webp","https://files.itab.link/wallpaper/wallspic/20231016i2b7b6.png?x-oss-process=image/resize,limit_1,w_307,h_172/quality,Q_93/format,webp"
"652ca725cd2dc76136301ec7","202310163nmd4c","art","official/art/images/202310163nmd4c.png","725126","ok","https://files.itab.link/wallpaper/wallspic/202310163nmd4c.png?x-oss-process=image/resize,limit_1,w_2560,h_1440/quality,Q_94/format,webp","https://files.itab.link/wallpaper/wallspic/202310163nmd4c.png?x-oss-process=image/resize,limit_1,w_307,h_172/quality,Q_93/format,webp"
"652ca722cd2dc76136301c42","20231016cf7j5h","art","official/art/images/20231016cf7j5h.jpeg","463092","ok","https://files.itab.link/wallpaper/wallspic/20231016cf7j5h.jpeg?x-oss-process=image/resize,limit_1,w_2560,h_1440/quality,Q_94/format,webp","https://files.itab.link/wallpaper/wallspic/20231016cf7j5h.jpeg?x-oss-process=image/resize,limit_1,w_307,h_172/quality,Q_93/format,webp"
"652ca720cd2dc76136301aa6","202310167kn2jl","art","official/art/images/202310167kn2jl.jpeg","760124","ok","https://files.itab.link/wallpaper/wallspic/202310167kn2jl.jpeg?x-oss-process=image/resize,limit_1,w_2560,h_1440/quality,Q_94/format,webp","https://files.itab.link/wallpaper/wallspic/202310167kn2jl.jpeg?x-oss-process=image/resize,limit_1,w_307,h_172/quality,Q_93/format,webp"
"652ca724cd2dc76136301e40","20231016eflmjk","art","official/art/images/20231016eflmjk.jpeg","724446","ok","https://files.itab.link/wallpaper/wallspic/20231016eflmjk.jpeg?x-oss-process=image/resize,limit_1,w_2560,h_1440/quality,Q_94/format,webp","https://files.itab.link/wallpaper/wallspic/20231016eflmjk.jpeg?x-oss-process=image/resize,limit_1,w_307,h_172/quality,Q_93/format,webp"
"652fd93dcd2dc76136a30a89","20231018l60228","art","official/art/images/20231018l60228.jpeg","1400036","ok","https://files.itab.link/wallpaper/wallspic/20231018l60228.jpeg?x-oss-process=image/resize,limit_1,w_2560,h_1440/quality,Q_94/format,webp","https://files.itab.link/wallpaper/wallspic/20231018l60228.jpeg?x-oss-process=image/resize,limit_1,w_307,h_172/quality,Q_93/format,webp"
"652ca71ccd2dc76136301712","202310162hg19a","art","official/art/images/202310162hg19a.jpeg","215064","ok","https://files.itab.link/wallpaper/wallspic/202310162hg19a.jpeg?x-oss-process=image/resize,limit_1,w_2560,h_1440/quality,Q_94/format,webp","https://files.itab.link/wallpaper/wallspic/202310162hg19a.jpeg?x-oss-process=image/resize,limit_1,w_307,h_172/quality,Q_93/format,webp"
"652ca71ccd2dc76136301713","202310160m0m5a","art","official/art/images/202310160m0m5a.png","318904","ok","https://files.itab.link/wallpaper/wallspic/202310160m0m5a.png?x-oss-process=image/resize,limit_1,w_2560,h_1440/quality,Q_94/format,webp","https://files.itab.link/wallpaper/wallspic/202310160m0m5a.png?x-oss-process=image/resize,limit_1,w_307,h_172/quality,Q_93/format,webp"
"652ca720cd2dc76136301a91","202310169l25b3","art","official/art/images/202310169l25b3.jpeg","396866","ok","https://files.itab.link/wallpaper/wallspic/202310169l25b3.jpeg?x-oss-process=image/resize,limit_1,w_2560,h_1440/quality,Q_94/format,webp","https://files.itab.link/wallpaper/wallspic/202310169l25b3.jpeg?x-oss-process=image/resize,limit_1,w_307,h_172/quality,Q_93/format,webp"
"652ca725cd2dc76136301e47","202310166dcc99","art","official/art/images/202310166dcc99.jpeg","1727672","ok","https://files.itab.link/wallpaper/wallspic/202310166dcc99.jpeg?x-oss-process=image/resize,limit_1,w_2560,h_1440/quality,Q_94/format,webp","https://files.itab.link/wallpaper/wallspic/202310166dcc99.jpeg?x-oss-process=image/resize,limit_1,w_307,h_172/quality,Q_93/format,webp"
"652ca720cd2dc76136301aa4","20231016475eb1","art","official/art/images/20231016475eb1.jpeg","1037328","ok","https://files.itab.link/wallpaper/wallspic/20231016475eb1.jpeg?x-oss-process=image/resize,limit_1,w_2560,h_1440/quality,Q_94/format,webp","https://files.itab.link/wallpaper/wallspic/20231016475eb1.jpeg?x-oss-process=image/resize,limit_1,w_307,h_172/quality,Q_93/format,webp"
"652ca71ccd2dc761363016ad","20231016h3end7","art","official/art/images/20231016h3end7.jpeg","137158","ok","https://files.itab.link/wallpaper/wallspic/20231016h3end7.jpeg?x-oss-process=image/resize,limit_1,w_2560,h_1440/quality,Q_94/format,webp","https://files.itab.link/wallpaper/wallspic/20231016h3end7.jpeg?x-oss-process=image/resize,limit_1,w_307,h_172/quality,Q_93/format,webp"
"652ca70ccd2dc7613630085a","20231016g3hj66","art","official/art/images/20231016g3hj66.jpeg","71700","ok","https://files.itab.link/wallpaper/wallspic/20231016g3hj66.jpeg?x-oss-process=image/resize,limit_1,w_2560,h_1440/quality,Q_94/format,webp","https://files.itab.link/wallpaper/wallspic/20231016g3hj66.jpeg?x-oss-process=image/resize,limit_1,w_307,h_172/quality,Q_93/format,webp"
"652ca71bcd2dc7613630166c","202310165d4b5l","art","official/art/images/202310165d4b5l.jpeg","99366","ok","https://files.itab.link/wallpaper/wallspic/202310165d4b5l.jpeg?x-oss-process=image/resize,limit_1,w_2560,h_1440/quality,Q_94/format,webp","https://files.itab.link/wallpaper/wallspic/202310165d4b5l.jpeg?x-oss-process=image/resize,limit_1,w_307,h_172/quality,Q_93/format,webp"
"652ca707cd2dc761363003c3","20231016g4m087","art","official/art/images/20231016g4m087.png","78094","ok","https://files.itab.link/wallpaper/wallspic/20231016g4m087.png?x-oss-process=image/resize,limit_1,w_2560,h_1440/quality,Q_94/format,webp","https://files.itab.link/wallpaper/wallspic/20231016g4m087.png?x-oss-process=image/resize,limit_1,w_307,h_172/quality,Q_93/format,webp"
"652ca71ccd2dc76136301715","202310164lf3bi","art","official/art/images/202310164lf3bi.jpeg","288806","ok","https://files.itab.link/wallpaper/wallspic/202310164lf3bi.jpeg?x-oss-process=image/resize,limit_1,w_2560,h_1440/quality,Q_94/format,webp","https://files.itab.link/wallpaper/wallspic/202310164lf3bi.jpeg?x-oss-process=image/resize,limit_1,w_307,h_172/quality,Q_93/format,webp"
"652ca707cd2dc761363003ad","20231016a5lhna","art","official/art/images/20231016a5lhna.png","61404","ok","https://files.itab.link/wallpaper/wallspic/20231016a5lhna.png?x-oss-process=image/resize,limit_1,w_2560,h_1440/quality,Q_94/format,webp","https://files.itab.link/wallpaper/wallspic/20231016a5lhna.png?x-oss-process=image/resize,limit_1,w_307,h_172/quality,Q_93/format,webp"
"64545cf110f2b458c87e16dd","2023050584n76h","art","official/art/images/2023050584n76h.jpeg","35754","ok","https://files.itab.link/wallpaper/wallspic/2023050584n76h.jpeg?x-oss-process=image/resize,limit_1,w_2560,h_1440/quality,Q_94/format,webp","https://files.itab.link/wallpaper/wallspic/2023050584n76h.jpeg?x-oss-process=image/resize,limit_1,w_307,h_172/quality,Q_93/format,webp"
"6486aed810f2b458c8669130","20230612dikcge","art","official/art/images/20230612dikcge.jpeg","51688","ok","https://files.itab.link/wallpaper/wallspic/20230612dikcge.jpeg?x-oss-process=image/resize,limit_1,w_2560,h_1440/quality,Q_94/format,webp","https://files.itab.link/wallpaper/wallspic/20230612dikcge.jpeg?x-oss-process=image/resize,limit_1,w_307,h_172/quality,Q_93/format,webp"
"648047ea10f2b458c8471a5a","202306078e0723","art","official/art/images/202306078e0723.jpeg","54808","ok","https://files.itab.link/wallpaper/wallspic/202306078e0723.jpeg?x-oss-process=image/resize,limit_1,w_2560,h_1440/quality,Q_94/format,webp","https://files.itab.link/wallpaper/wallspic/202306078e0723.jpeg?x-oss-process=image/resize,limit_1,w_307,h_172/quality,Q_93/format,webp"
"648048a010f2b458c8479c1f","20230607b4i633","art","official/art/images/20230607b4i633.jpeg","69750","ok","https://files.itab.link/wallpaper/wallspic/20230607b4i633.jpeg?x-oss-process=image/resize,limit_1,w_2560,h_1440/quality,Q_94/format,webp","https://files.itab.link/wallpaper/wallspic/20230607b4i633.jpeg?x-oss-process=image/resize,limit_1,w_307,h_172/quality,Q_93/format,webp"
"6438b9374ac3a755250ab2f1","b725afe56369749373bb","art","official/art/images/b725afe56369749373bb.jpg","155194","ok","https://files.itab.link/wallpaper/wallspic/b725afe56369749373bb.jpg?x-oss-process=image/resize,limit_1,w_2560,h_1440/quality,Q_94/format,webp","https://files.itab.link/wallpaper/wallspic/b725afe56369749373bb.jpg?x-oss-process=image/resize,limit_1,w_307,h_172/quality,Q_93/format,webp"
"63ec9378660977526f0e4ad1","defaultWallpaper","art","official/art/images/default-wallpaper.webp","68570","ok","https://files.itab.link/itab/defaultWallpaper/defaultWallpaper.webp?x-oss-process=image/resize,limit_1,w_2560,h_1440/quality,Q_94/format,webp","https://files.itab.link/itab/defaultWallpaper/defaultWallpaper.webp?x-oss-process=image/resize,limit_1,w_307,h_172/quality,Q_93/format,webp"
"62c2c35bca845f0884dcbde3","167741","art","official/art/images/167741.jpg","139030","ok","https://files.itab.link/wallpaper/wallspic/167741.jpg?x-oss-process=image/resize,limit_1,w_2560,h_1440/quality,Q_94/format,webp","https://files.itab.link/wallpaper/wallspic/167741.jpg?x-oss-process=image/resize,limit_1,w_307,h_172/quality,Q_93/format,webp"
"652ca71bcd2dc7613630166a","20231016cd5mld","art","official/art/images/20231016cd5mld.jpeg","968362","ok","https://files.itab.link/wallpaper/wallspic/20231016cd5mld.jpeg?x-oss-process=image/resize,limit_1,w_2560,h_1440/quality,Q_94/format,webp","https://files.itab.link/wallpaper/wallspic/20231016cd5mld.jpeg?x-oss-process=image/resize,limit_1,w_307,h_172/quality,Q_93/format,webp"
"62c2c343ca845f0884dcb55e","167007","art","official/art/images/167007.jpg","677668","ok","https://files.itab.link/wallpaper/wallspic/167007.jpg?x-oss-process=image/resize,limit_1,w_2560,h_1440/quality,Q_94/format,webp","https://files.itab.link/wallpaper/wallspic/167007.jpg?x-oss-process=image/resize,limit_1,w_307,h_172/quality,Q_93/format,webp"
"62c2c34fca845f0884dcb936","167150","art","official/art/images/167150.jpg","1518944","ok","https://files.itab.link/wallpaper/wallspic/167150.jpg?x-oss-process=image/resize,limit_1,w_2560,h_1440/quality,Q_94/format,webp","https://files.itab.link/wallpaper/wallspic/167150.jpg?x-oss-process=image/resize,limit_1,w_307,h_172/quality,Q_93/format,webp"
"62c2c341ca845f0884dcb4ae","167925","art","official/art/images/167925.jpg","1288010","ok","https://files.itab.link/wallpaper/wallspic/167925.jpg?x-oss-process=image/resize,limit_1,w_2560,h_1440/quality,Q_94/format,webp","https://files.itab.link/wallpaper/wallspic/167925.jpg?x-oss-process=image/resize,limit_1,w_307,h_172/quality,Q_93/format,webp"
"62c2c348ca845f0884dcb739","166754","art","official/art/images/166754.jpg","1361338","ok","https://files.itab.link/wallpaper/wallspic/166754.jpg?x-oss-process=image/resize,limit_1,w_2560,h_1440/quality,Q_94/format,webp","https://files.itab.link/wallpaper/wallspic/166754.jpg?x-oss-process=image/resize,limit_1,w_307,h_172/quality,Q_93/format,webp"
"62c2c33eca845f0884dcb38e","167013","art","official/art/images/167013.jpg","1774572","ok","https://files.itab.link/wallpaper/wallspic/167013.jpg?x-oss-process=image/resize,limit_1,w_2560,h_1440/quality,Q_94/format,webp","https://files.itab.link/wallpaper/wallspic/167013.jpg?x-oss-process=image/resize,limit_1,w_307,h_172/quality,Q_93/format,webp"
"62c2c325ca845f0884dcac7b","166206","art","official/art/images/166206.jpg","568250","ok","https://files.itab.link/wallpaper/wallspic/166206.jpg?x-oss-process=image/resize,limit_1,w_2560,h_1440/quality,Q_94/format,webp","https://files.itab.link/wallpaper/wallspic/166206.jpg?x-oss-process=image/resize,limit_1,w_307,h_172/quality,Q_93/format,webp"
"62c2c36aca845f0884dcc298","166446","art","official/art/images/166446.jpg","2207750","ok","https://files.itab.link/wallpaper/wallspic/166446.jpg?x-oss-process=image/resize,limit_1,w_2560,h_1440/quality,Q_94/format,webp","https://files.itab.link/wallpaper/wallspic/166446.jpg?x-oss-process=image/resize,limit_1,w_307,h_172/quality,Q_93/format,webp"
"62c2c32aca845f0884dcadb9","167552","art","official/art/images/167552.jpg","1904244","ok","https://files.itab.link/wallpaper/wallspic/167552.jpg?x-oss-process=image/resize,limit_1,w_2560,h_1440/quality,Q_94/format,webp","https://files.itab.link/wallpaper/wallspic/167552.jpg?x-oss-process=image/resize,limit_1,w_307,h_172/quality,Q_93/format,webp"
"62c2c31bca845f0884dca8d7","167390","art","official/art/images/167390.jpg","750388","ok","https://files.itab.link/wallpaper/wallspic/167390.jpg?x-oss-process=image/resize,limit_1,w_2560,h_1440/quality,Q_94/format,webp","https://files.itab.link/wallpaper/wallspic/167390.jpg?x-oss-process=image/resize,limit_1,w_307,h_172/quality,Q_93/format,webp"
"62c2c31cca845f0884dca8fe","166289","art","official/art/images/166289.jpg","1084714","ok","https://files.itab.link/wallpaper/wallspic/166289.jpg?x-oss-process=image/resize,limit_1,w_2560,h_1440/quality,Q_94/format,webp","https://files.itab.link/wallpaper/wallspic/166289.jpg?x-oss-process=image/resize,limit_1,w_307,h_172/quality,Q_93/format,webp"
"62c2c2c0ca845f0884dc8b46","168773","art","official/art/images/168773.jpg","636984","ok","https://files.itab.link/wallpaper/wallspic/168773.jpg?x-oss-process=image/resize,limit_1,w_2560,h_1440/quality,Q_94/format,webp","https://files.itab.link/wallpaper/wallspic/168773.jpg?x-oss-process=image/resize,limit_1,w_307,h_172/quality,Q_93/format,webp"
"62c2c1b4ca845f0884dc38b1","167736","art","official/art/images/167736.jpg","82142","ok","https://files.itab.link/wallpaper/wallspic/167736.jpg?x-oss-process=image/resize,limit_1,w_2560,h_1440/quality,Q_94/format,webp","https://files.itab.link/wallpaper/wallspic/167736.jpg?x-oss-process=image/resize,limit_1,w_307,h_172/quality,Q_93/format,webp"
"62c2c2d0ca845f0884dc90c5","167917","art","official/art/images/167917.jpg","858910","ok","https://files.itab.link/wallpaper/wallspic/167917.jpg?x-oss-process=image/resize,limit_1,w_2560,h_1440/quality,Q_94/format,webp","https://files.itab.link/wallpaper/wallspic/167917.jpg?x-oss-process=image/resize,limit_1,w_307,h_172/quality,Q_93/format,webp"
"62c2c1cbca845f0884dc4033","167264","art","official/art/images/167264.jpg","83406","ok","https://files.itab.link/wallpaper/wallspic/167264.jpg?x-oss-process=image/resize,limit_1,w_2560,h_1440/quality,Q_94/format,webp","https://files.itab.link/wallpaper/wallspic/167264.jpg?x-oss-process=image/resize,limit_1,w_307,h_172/quality,Q_93/format,webp"
"62c2c31cca845f0884dca8f6","166723","art","official/art/images/166723.jpg","1413542","ok","https://files.itab.link/wallpaper/wallspic/166723.jpg?x-oss-process=image/resize,limit_1,w_2560,h_1440/quality,Q_94/format,webp","https://files.itab.link/wallpaper/wallspic/166723.jpg?x-oss-process=image/resize,limit_1,w_307,h_172/quality,Q_93/format,webp"
"62c2c177ca845f0884dc2520","167368","art","official/art/images/167368.jpg","120322","ok","https://files.itab.link/wallpaper/wallspic/167368.jpg?x-oss-process=image/resize,limit_1,w_2560,h_1440/quality,Q_94/format,webp","https://files.itab.link/wallpaper/wallspic/167368.jpg?x-oss-process=image/resize,limit_1,w_307,h_172/quality,Q_93/format,webp"
"62c2c194ca845f0884dc2e8b","168594","art","official/art/images/168594.jpg","444380","ok","https://files.itab.link/wallpaper/wallspic/168594.jpg?x-oss-process=image/resize,limit_1,w_2560,h_1440/quality,Q_94/format,webp","https://files.itab.link/wallpaper/wallspic/168594.jpg?x-oss-process=image/resize,limit_1,w_307,h_172/quality,Q_93/format,webp"
"62c2c308ca845f0884dca2e2","167391","art","official/art/images/167391.jpg","1408760","ok","https://files.itab.link/wallpaper/wallspic/167391.jpg?x-oss-process=image/resize,limit_1,w_2560,h_1440/quality,Q_94/format,webp","https://files.itab.link/wallpaper/wallspic/167391.jpg?x-oss-process=image/resize,limit_1,w_307,h_172/quality,Q_93/format,webp"
"62c2c161ca845f0884dc1e89","166729","art","official/art/images/166729.jpg","156774","ok","https://files.itab.link/wallpaper/wallspic/166729.jpg?x-oss-process=image/resize,limit_1,w_2560,h_1440/quality,Q_94/format,webp","https://files.itab.link/wallpaper/wallspic/166729.jpg?x-oss-process=image/resize,limit_1,w_307,h_172/quality,Q_93/format,webp"
"62c2c12fca845f0884dc0fb4","167291","art","official/art/images/167291.jpg","80680","ok","https://files.itab.link/wallpaper/wallspic/167291.jpg?x-oss-process=image/resize,limit_1,w_2560,h_1440/quality,Q_94/format,webp","https://files.itab.link/wallpaper/wallspic/167291.jpg?x-oss-process=image/resize,limit_1,w_307,h_172/quality,Q_93/format,webp"
"62c2c1a3ca845f0884dc3377","167282","art","official/art/images/167282.jpg","990548","ok","https://files.itab.link/wallpaper/wallspic/167282.jpg?x-oss-process=image/resize,limit_1,w_2560,h_1440/quality,Q_94/format,webp","https://files.itab.link/wallpaper/wallspic/167282.jpg?x-oss-process=image/resize,limit_1,w_307,h_172/quality,Q_93/format,webp"
"62c2c0fdca845f0884dbffb8","168834","art","official/art/images/168834.jpg","73690","ok","https://files.itab.link/wallpaper/wallspic/168834.jpg?x-oss-process=image/resize,limit_1,w_2560,h_1440/quality,Q_94/format,webp","https://files.itab.link/wallpaper/wallspic/168834.jpg?x-oss-process=image/resize,limit_1,w_307,h_172/quality,Q_93/format,webp"
"62c2c0ebca845f0884dbf9cf","166806","art","official/art/images/166806.jpg","123498","ok","https://files.itab.link/wallpaper/wallspic/166806.jpg?x-oss-process=image/resize,limit_1,w_2560,h_1440/quality,Q_94/format,webp","https://files.itab.link/wallpaper/wallspic/166806.jpg?x-oss-process=image/resize,limit_1,w_307,h_172/quality,Q_93/format,webp"
"62c2c1a8ca845f0884dc34a9","166525","art","official/art/images/166525.jpg","1358304","ok","https://files.itab.link/wallpaper/wallspic/166525.jpg?x-oss-process=image/resize,limit_1,w_2560,h_1440/quality,Q_94/format,webp","https://files.itab.link/wallpaper/wallspic/166525.jpg?x-oss-process=image/resize,limit_1,w_307,h_172/quality,Q_93/format,webp"
"62c2c1c7ca845f0884dc3eda","167277","art","official/art/images/167277.jpg","1206478","ok","https://files.itab.link/wallpaper/wallspic/167277.jpg?x-oss-process=image/resize,limit_1,w_2560,h_1440/quality,Q_94/format,webp","https://files.itab.link/wallpaper/wallspic/167277.jpg?x-oss-process=image/resize,limit_1,w_307,h_172/quality,Q_93/format,webp"
"62c2c069ca845f0884dbcf7e","166170","art","official/art/images/166170.jpg","87676","ok","https://files.itab.link/wallpaper/wallspic/166170.jpg?x-oss-process=image/resize,limit_1,w_2560,h_1440/quality,Q_94/format,webp","https://files.itab.link/wallpaper/wallspic/166170.jpg?x-oss-process=image/resize,limit_1,w_307,h_172/quality,Q_93/format,webp"
"62c2bfaeca845f0884db920b","166767","art","official/art/images/166767.jpg","108168","ok","https://files.itab.link/wallpaper/wallspic/166767.jpg?x-oss-process=image/resize,limit_1,w_2560,h_1440/quality,Q_94/format,webp","https://files.itab.link/wallpaper/wallspic/166767.jpg?x-oss-process=image/resize,limit_1,w_307,h_172/quality,Q_93/format,webp"
"62c2c176ca845f0884dc250d","166210","art","official/art/images/166210.jpg","1416392","ok","https://files.itab.link/wallpaper/wallspic/166210.jpg?x-oss-process=image/resize,limit_1,w_2560,h_1440/quality,Q_94/format,webp","https://files.itab.link/wallpaper/wallspic/166210.jpg?x-oss-process=image/resize,limit_1,w_307,h_172/quality,Q_93/format,webp"
"62c2c0c0ca845f0884dbeb94","166546","art","official/art/images/166546.jpg","699706","ok","https://files.itab.link/wallpaper/wallspic/166546.jpg?x-oss-process=image/resize,limit_1,w_2560,h_1440/quality,Q_94/format,webp","https://files.itab.link/wallpaper/wallspic/166546.jpg?x-oss-process=image/resize,limit_1,w_307,h_172/quality,Q_93/format,webp"
"62c2c0a5ca845f0884dbe28c","167322","art","official/art/images/167322.jpg","1118206","ok","https://files.itab.link/wallpaper/wallspic/167322.jpg?x-oss-process=image/resize,limit_1,w_2560,h_1440/quality,Q_94/format,webp","https://files.itab.link/wallpaper/wallspic/167322.jpg?x-oss-process=image/resize,limit_1,w_307,h_172/quality,Q_93/format,webp"
"62c2bf3aca845f0884db6b41","166518","art","official/art/images/166518.jpg","130992","ok","https://files.itab.link/wallpaper/wallspic/166518.jpg?x-oss-process=image/resize,limit_1,w_2560,h_1440/quality,Q_94/format,webp","https://files.itab.link/wallpaper/wallspic/166518.jpg?x-oss-process=image/resize,limit_1,w_307,h_172/quality,Q_93/format,webp"
"62c2bf12ca845f0884db5e78","167242","art","official/art/images/167242.jpg","84124","ok","https://files.itab.link/wallpaper/wallspic/167242.jpg?x-oss-process=image/resize,limit_1,w_2560,h_1440/quality,Q_94/format,webp","https://files.itab.link/wallpaper/wallspic/167242.jpg?x-oss-process=image/resize,limit_1,w_307,h_172/quality,Q_93/format,webp"
"62c2befeca845f0884db586c","166519","art","official/art/images/166519.jpg","120292","ok","https://files.itab.link/wallpaper/wallspic/166519.jpg?x-oss-process=image/resize,limit_1,w_2560,h_1440/quality,Q_94/format,webp","https://files.itab.link/wallpaper/wallspic/166519.jpg?x-oss-process=image/resize,limit_1,w_307,h_172/quality,Q_93/format,webp"
"62c2bf1bca845f0884db6144","166722","art","official/art/images/166722.jpg","293710","ok","https://files.itab.link/wallpaper/wallspic/166722.jpg?x-oss-process=image/resize,limit_1,w_2560,h_1440/quality,Q_94/format,webp","https://files.itab.link/wallpaper/wallspic/166722.jpg?x-oss-process=image/resize,limit_1,w_307,h_172/quality,Q_93/format,webp"
"62c2bf38ca845f0884db6ab2","166918","art","official/art/images/166918.jpg","478554","ok","https://files.itab.link/wallpaper/wallspic/166918.jpg?x-oss-process=image/resize,limit_1,w_2560,h_1440/quality,Q_94/format,webp","https://files.itab.link/wallpaper/wallspic/166918.jpg?x-oss-process=image/resize,limit_1,w_307,h_172/quality,Q_93/format,webp"
"62c2be9aca845f0884db38b3","168687","art","official/art/images/168687.jpg","75152","ok","https://files.itab.link/wallpaper/wallspic/168687.jpg?x-oss-process=image/resize,limit_1,w_2560,h_1440/quality,Q_94/format,webp","https://files.itab.link/wallpaper/wallspic/168687.jpg?x-oss-process=image/resize,limit_1,w_307,h_172/quality,Q_93/format,webp"
"62c2be92ca845f0884db35d6","168689","art","official/art/images/168689.jpg","69926","ok","https://files.itab.link/wallpaper/wallspic/168689.jpg?x-oss-process=image/resize,limit_1,w_2560,h_1440/quality,Q_94/format,webp","https://files.itab.link/wallpaper/wallspic/168689.jpg?x-oss-process=image/resize,limit_1,w_307,h_172/quality,Q_93/format,webp"
"62c2bdc8ca845f0884daf460","167641","art","official/art/images/167641.jpg","102570","ok","https://files.itab.link/wallpaper/wallspic/167641.jpg?x-oss-process=image/resize,limit_1,w_2560,h_1440/quality,Q_94/format,webp","https://files.itab.link/wallpaper/wallspic/167641.jpg?x-oss-process=image/resize,limit_1,w_307,h_172/quality,Q_93/format,webp"
"62c2bececa845f0884db486a","168316","art","official/art/images/168316.jpg","126182","ok","https://files.itab.link/wallpaper/wallspic/168316.jpg?x-oss-process=image/resize,limit_1,w_2560,h_1440/quality,Q_94/format,webp","https://files.itab.link/wallpaper/wallspic/168316.jpg?x-oss-process=image/resize,limit_1,w_307,h_172/quality,Q_93/format,webp"
"62c2bc7dca845f0884da89f5","167406","art","official/art/images/167406.jpg","223114","ok","https://files.itab.link/wallpaper/wallspic/167406.jpg?x-oss-process=image/resize,limit_1,w_2560,h_1440/quality,Q_94/format,webp","https://files.itab.link/wallpaper/wallspic/167406.jpg?x-oss-process=image/resize,limit_1,w_307,h_172/quality,Q_93/format,webp"
"62c2bc69ca845f0884da8403","168924","art","official/art/images/168924.jpg","81470","ok","https://files.itab.link/wallpaper/wallspic/168924.jpg?x-oss-process=image/resize,limit_1,w_2560,h_1440/quality,Q_94/format,webp","https://files.itab.link/wallpaper/wallspic/168924.jpg?x-oss-process=image/resize,limit_1,w_307,h_172/quality,Q_93/format,webp"
"62c2bf3bca845f0884db6bb2","167122","art","official/art/images/167122.jpg","678214","ok","https://files.itab.link/wallpaper/wallspic/167122.jpg?x-oss-process=image/resize,limit_1,w_2560,h_1440/quality,Q_94/format,webp","https://files.itab.link/wallpaper/wallspic/167122.jpg?x-oss-process=image/resize,limit_1,w_307,h_172/quality,Q_93/format,webp"
"62c2bc72ca845f0884da870a","168917","art","official/art/images/168917.jpg","142832","ok","https://files.itab.link/wallpaper/wallspic/168917.jpg?x-oss-process=image/resize,limit_1,w_2560,h_1440/quality,Q_94/format,webp","https://files.itab.link/wallpaper/wallspic/168917.jpg?x-oss-process=image/resize,limit_1,w_307,h_172/quality,Q_93/format,webp"
"62c2bc6bca845f0884da84ad","168153","art","official/art/images/168153.jpg","80192","ok","https://files.itab.link/wallpaper/wallspic/168153.jpg?x-oss-process=image/resize,limit_1,w_2560,h_1440/quality,Q_94/format,webp","https://files.itab.link/wallpaper/wallspic/168153.jpg?x-oss-process=image/resize,limit_1,w_307,h_172/quality,Q_93/format,webp"
"62c2bc57ca845f0884da7dcf","168502","art","official/art/images/168502.jpg","101050","ok","https://files.itab.link/wallpaper/wallspic/168502.jpg?x-oss-process=image/resize,limit_1,w_2560,h_1440/quality,Q_94/format,webp","https://files.itab.link/wallpaper/wallspic/168502.jpg?x-oss-process=image/resize,limit_1,w_307,h_172/quality,Q_93/format,webp"
"62c2bc61ca845f0884da8115","168501","art","official/art/images/168501.jpg","106692","ok","https://files.itab.link/wallpaper/wallspic/168501.jpg?x-oss-process=image/resize,limit_1,w_2560,h_1440/quality,Q_94/format,webp","https://files.itab.link/wallpaper/wallspic/168501.jpg?x-oss-process=image/resize,limit_1,w_307,h_172/quality,Q_93/format,webp"
"62c2bc56ca845f0884da7d8a","168691","art","official/art/images/168691.jpg","121066","ok","https://files.itab.link/wallpaper/wallspic/168691.jpg?x-oss-process=image/resize,limit_1,w_2560,h_1440/quality,Q_94/format,webp","https://files.itab.link/wallpaper/wallspic/168691.jpg?x-oss-process=image/resize,limit_1,w_307,h_172/quality,Q_93/format,webp"
"62c2bc7dca845f0884da8a03","167918","art","official/art/images/167918.jpg","778322","ok","https://files.itab.link/wallpaper/wallspic/167918.jpg?x-oss-process=image/resize,limit_1,w_2560,h_1440/quality,Q_94/format,webp","https://files.itab.link/wallpaper/wallspic/167918.jpg?x-oss-process=image/resize,limit_1,w_307,h_172/quality,Q_93/format,webp"
"62c2bc60ca845f0884da8099","168942","art","official/art/images/168942.jpg","1040436","ok","https://files.itab.link/wallpaper/wallspic/168942.jpg?x-oss-process=image/resize,limit_1,w_2560,h_1440/quality,Q_94/format,webp","https://files.itab.link/wallpaper/wallspic/168942.jpg?x-oss-process=image/resize,limit_1,w_307,h_172/quality,Q_93/format,webp"
"62c2bc68ca845f0884da839d","168344","art","official/art/images/168344.jpg","1127572","ok","https://files.itab.link/wallpaper/wallspic/168344.jpg?x-oss-process=image/resize,limit_1,w_2560,h_1440/quality,Q_94/format,webp","https://files.itab.link/wallpaper/wallspic/168344.jpg?x-oss-process=image/resize,limit_1,w_307,h_172/quality,Q_93/format,webp"