id,file,poster,bytes,status,video_url,poster_url
"","10.mp4","posters/10.jpg","1741098","ok","https://files.itab.link/itab/defaultWallpaper/videos/10.mp4","https://files.itab.link/itab/defaultWallpaper/videos/10.jpg"
"","11.mp4","posters/11.jpg","7806843","ok","https://files.itab.link/itab/defaultWallpaper/videos/11.mp4","https://files.itab.link/itab/defaultWallpaper/videos/11.jpg"
"","12.mp4","posters/12.jpg","6740134","ok","https://files.itab.link/itab/defaultWallpaper/videos/12.mp4","https://files.itab.link/itab/defaultWallpaper/videos/12.jpg"
"","13.mp4","posters/13.jpg","8446235","ok","https://files.itab.link/itab/defaultWallpaper/videos/13.mp4","https://files.itab.link/itab/defaultWallpaper/videos/13.jpg"
"","14.mp4","posters/14.jpg","2396039","ok","https://files.itab.link/itab/defaultWallpaper/videos/14.mp4","https://files.itab.link/itab/defaultWallpaper/videos/14.jpg"
"","15.mp4","posters/15.jpg","416570","ok","https://files.itab.link/itab/defaultWallpaper/videos/15.mp4","https://files.itab.link/itab/defaultWallpaper/videos/15.jpg"
"","16.mp4","posters/16.jpg","2884723","ok","https://files.itab.link/itab/defaultWallpaper/videos/16.mp4","https://files.itab.link/itab/defaultWallpaper/videos/16.jpg"
"","17.mp4","posters/17.jpg","11912749","ok","https://files.itab.link/itab/defaultWallpaper/videos/17.mp4","https://files.itab.link/itab/defaultWallpaper/videos/17.jpg"
"","18.mp4","posters/18.jpg","1491234","ok","https://files.itab.link/itab/defaultWallpaper/videos/18.mp4","https://files.itab.link/itab/defaultWallpaper/videos/18.jpg"
"","19.mp4","posters/19.jpg","3362651","ok","https://files.itab.link/itab/defaultWallpaper/videos/19.mp4","https://files.itab.link/itab/defaultWallpaper/videos/19.jpg"
"","20.mp4","posters/20.jpg","36711421","ok","https://files.itab.link/itab/defaultWallpaper/videos/20.mp4","https://files.itab.link/itab/defaultWallpaper/videos/20.jpg"
"625526fe452009fb7a5feb82","21.mp4","posters/21.jpg","4805380","ok","https://files.itab.link/itab/defaultWallpaper/videos/21.mp4","https://files.itab.link/itab/defaultWallpaper/videos/21.jpg?x-oss-process=image/resize,limit_1,w_1920,h_1080/quality,q_93/format,webp"
"","22.mp4","posters/22.jpg","1502950","ok","https://files.itab.link/itab/defaultWallpaper/videos/22.mp4","https://files.itab.link/itab/defaultWallpaper/videos/22.jpg"
"","23.mp4","posters/23.jpg","332428","ok","https://files.itab.link/itab/defaultWallpaper/videos/23.mp4","https://files.itab.link/itab/defaultWallpaper/videos/23.jpg"
"","24.mp4","posters/24.jpg","586396","ok","https://files.itab.link/itab/defaultWallpaper/videos/24.mp4","https://files.itab.link/itab/defaultWallpaper/videos/24.jpg"
"625526fe452009fb7a5feb8a","25.mp4","posters/25.jpg","14555026","ok","https://files.itab.link/itab/defaultWallpaper/videos/25.mp4","https://files.itab.link/itab/defaultWallpaper/videos/25.jpg?x-oss-process=image/resize,limit_1,w_1920,h_1080/quality,q_93/format,webp"
"625526fe452009fb7a5feb8c","26.mp4","posters/26.jpg","14256857","ok","https://files.itab.link/itab/defaultWallpaper/videos/26.mp4","https://files.itab.link/itab/defaultWallpaper/videos/26.jpg?x-oss-process=image/resize,limit_1,w_1920,h_1080/quality,q_93/format,webp"
"","27.mp4","posters/27.jpg","4804218","ok","https://files.itab.link/itab/defaultWallpaper/videos/27.mp4","https://files.itab.link/itab/defaultWallpaper/videos/27.jpg"
"","28.mp4","posters/28.jpg","5097268","ok","https://files.itab.link/itab/defaultWallpaper/videos/28.mp4","https://files.itab.link/itab/defaultWallpaper/videos/28.jpg"
"625526fe452009fb7a5feb92","29.mp4","posters/29.jpg","14896850","ok","https://files.itab.link/itab/defaultWallpaper/videos/29.mp4","https://files.itab.link/itab/defaultWallpaper/videos/29.jpg?x-oss-process=image/resize,limit_1,w_1920,h_1080/quality,q_93/format,webp"
"","30.mp4","posters/30.jpg","1733462","ok","https://files.itab.link/itab/defaultWallpaper/videos/30.mp4","https://files.itab.link/itab/defaultWallpaper/videos/30.jpg"
"","31.mp4","posters/31.jpg","3236272","ok","https://files.itab.link/itab/defaultWallpaper/videos/31.mp4","https://files.itab.link/itab/defaultWallpaper/videos/31.jpg"
"","32.mp4","posters/32.jpg","740927","ok","https://files.itab.link/itab/defaultWallpaper/videos/32.mp4","https://files.itab.link/itab/defaultWallpaper/videos/32.jpg"
"625526fe452009fb7a5feb9a","33.mp4","posters/33.jpg","23617707","ok","https://files.itab.link/itab/defaultWallpaper/videos/33.mp4","https://files.itab.link/itab/defaultWallpaper/videos/33.jpg?x-oss-process=image/resize,limit_1,w_1920,h_1080/quality,q_93/format,webp"
"","34.mp4","posters/34.jpg","17494825","ok","https://files.itab.link/itab/defaultWallpaper/videos/34.mp4","https://files.itab.link/itab/defaultWallpaper/videos/34.jpg"
"","35.mp4","posters/35.jpg","16357101","ok","https://files.itab.link/itab/defaultWallpaper/videos/35.mp4","https://files.itab.link/itab/defaultWallpaper/videos/35.jpg"
"","36.mp4","posters/36.jpg","1734626","ok","https://files.itab.link/itab/defaultWallpaper/videos/36.mp4","https://files.itab.link/itab/defaultWallpaper/videos/36.jpg"
"","37.mp4","posters/37.jpg","5156886","ok","https://files.itab.link/itab/defaultWallpaper/videos/37.mp4","https://files.itab.link/itab/defaultWallpaper/videos/37.jpg"
"","38.mp4","posters/38.jpg","1128920","ok","https://files.itab.link/itab/defaultWallpaper/videos/38.mp4","https://files.itab.link/itab/defaultWallpaper/videos/38.jpg"
"","39.mp4","posters/39.jpg","6818679","ok","https://files.itab.link/itab/defaultWallpaper/videos/39.mp4","https://files.itab.link/itab/defaultWallpaper/videos/39.jpg"
"","40.mp4","posters/40.jpg","1356178","ok","https://files.itab.link/itab/defaultWallpaper/videos/40.mp4","https://files.itab.link/itab/defaultWallpaper/videos/40.jpg"
"","41.mp4","posters/41.jpg","22359234","ok","https://files.itab.link/itab/defaultWallpaper/videos/41.mp4","https://files.itab.link/itab/defaultWallpaper/videos/41.jpg"
"","42.mp4","posters/42.jpg","1819671","ok","https://files.itab.link/itab/defaultWallpaper/videos/42.mp4","https://files.itab.link/itab/defaultWallpaper/videos/42.jpg"
"","43.mp4","posters/43.jpg","4923094","ok","https://files.itab.link/itab/defaultWallpaper/videos/43.mp4","https://files.itab.link/itab/defaultWallpaper/videos/43.jpg"
"","44.mp4","posters/44.jpg","14455212","ok","https://files.itab.link/itab/defaultWallpaper/videos/44.mp4","https://files.itab.link/itab/defaultWallpaper/videos/44.jpg"
"","45.mp4","posters/45.jpg","1904319","ok","https://files.itab.link/itab/defaultWallpaper/videos/45.mp4","https://files.itab.link/itab/defaultWallpaper/videos/45.jpg"
"","46.mp4","posters/46.jpg","18667428","ok","https://files.itab.link/itab/defaultWallpaper/videos/46.mp4","https://files.itab.link/itab/defaultWallpaper/videos/46.jpg"
"","47.mp4","posters/47.jpg","11455503","ok","https://files.itab.link/itab/defaultWallpaper/videos/47.mp4","https://files.itab.link/itab/defaultWallpaper/videos/47.jpg"
"","48.mp4","posters/48.jpg","1118180","ok","https://files.itab.link/itab/defaultWallpaper/videos/48.mp4","https://files.itab.link/itab/defaultWallpaper/videos/48.jpg"
"","49.mp4","posters/49.jpg","3211133","ok","https://files.itab.link/itab/defaultWallpaper/videos/49.mp4","https://files.itab.link/itab/defaultWallpaper/videos/49.jpg"
"","50.mp4","posters/50.jpg","12463743","ok","https://files.itab.link/itab/defaultWallpaper/videos/50.mp4","https://files.itab.link/itab/defaultWallpaper/videos/50.jpg"
"","51.mp4","posters/51.jpg","434176","ok","https://files.itab.link/itab/defaultWallpaper/videos/51.mp4","https://files.itab.link/itab/defaultWallpaper/videos/51.jpg"
"","52.mp4","posters/52.jpg","937000","ok","https://files.itab.link/itab/defaultWallpaper/videos/52.mp4","https://files.itab.link/itab/defaultWallpaper/videos/52.jpg"
"","53.mp4","posters/53.jpg","1115880","ok","https://files.itab.link/itab/defaultWallpaper/videos/53.mp4","https://files.itab.link/itab/defaultWallpaper/videos/53.jpg"
"","54.mp4","posters/54.jpg","3766293","ok","https://files.itab.link/itab/defaultWallpaper/videos/54.mp4","https://files.itab.link/itab/defaultWallpaper/videos/54.jpg"
"","55.mp4","posters/55.jpg","847854","ok","https://files.itab.link/itab/defaultWallpaper/videos/55.mp4","https://files.itab.link/itab/defaultWallpaper/videos/55.jpg"
"625526ff452009fb7a5febc8","56.mp4","posters/56.jpg","1268915","ok","https://files.itab.link/itab/defaultWallpaper/videos/56.mp4","https://files.itab.link/itab/defaultWallpaper/videos/56.jpg?x-oss-process=image/resize,limit_1,w_1920,h_1080/quality,q_93/format,webp"
"","57.mp4","posters/57.jpg","2144010","ok","https://files.itab.link/itab/defaultWallpaper/videos/57.mp4","https://files.itab.link/itab/defaultWallpaper/videos/57.jpg"
"","58.mp4","posters/58.jpg","730526","ok","https://files.itab.link/itab/defaultWallpaper/videos/58.mp4","https://files.itab.link/itab/defaultWallpaper/videos/58.jpg"
"","59.mp4","posters/59.jpg","993059","ok","https://files.itab.link/itab/defaultWallpaper/videos/59.mp4","https://files.itab.link/itab/defaultWallpaper/videos/59.jpg"
"","60.mp4","posters/60.jpg","1428870","ok","https://files.itab.link/itab/defaultWallpaper/videos/60.mp4","https://files.itab.link/itab/defaultWallpaper/videos/60.jpg"
"","61.mp4","posters/61.jpg","1402980","ok","https://files.itab.link/itab/defaultWallpaper/videos/61.mp4","https://files.itab.link/itab/defaultWallpaper/videos/61.jpg"
"","62.mp4","posters/62.jpg","370262","ok","https://files.itab.link/itab/defaultWallpaper/videos/62.mp4","https://files.itab.link/itab/defaultWallpaper/videos/62.jpg"
"","63.mp4","posters/63.jpg","28682069","ok","https://files.itab.link/itab/defaultWallpaper/videos/63.mp4","https://files.itab.link/itab/defaultWallpaper/videos/63.jpg"
"","64.mp4","posters/64.jpg","16485310","ok","https://files.itab.link/itab/defaultWallpaper/videos/64.mp4","https://files.itab.link/itab/defaultWallpaper/videos/64.jpg"
"","65.mp4","posters/65.jpg","1255156","ok","https://files.itab.link/itab/defaultWallpaper/videos/65.mp4","https://files.itab.link/itab/defaultWallpaper/videos/65.jpg"
"","66.mp4","posters/66.jpg","191358","ok","https://files.itab.link/itab/defaultWallpaper/videos/66.mp4","https://files.itab.link/itab/defaultWallpaper/videos/66.jpg"
"","67.mp4","posters/67.jpg","982465","ok","https://files.itab.link/itab/defaultWallpaper/videos/67.mp4","https://files.itab.link/itab/defaultWallpaper/videos/67.jpg"
"","68.mp4","posters/68.jpg","1487291","ok","https://files.itab.link/itab/defaultWallpaper/videos/68.mp4","https://files.itab.link/itab/defaultWallpaper/videos/68.jpg"
"","69.mp4","posters/69.jpg","4329069","ok","https://files.itab.link/itab/defaultWallpaper/videos/69.mp4","https://files.itab.link/itab/defaultWallpaper/videos/69.jpg"
"","70.mp4","posters/70.jpg","9009802","ok","https://files.itab.link/itab/defaultWallpaper/videos/70.mp4","https://files.itab.link/itab/defaultWallpaper/videos/70.jpg"
"","71.mp4","posters/71.jpg","4619702","ok","https://files.itab.link/itab/defaultWallpaper/videos/71.mp4","https://files.itab.link/itab/defaultWallpaper/videos/71.jpg"
"","72.mp4","posters/72.jpg","9582234","ok","https://files.itab.link/itab/defaultWallpaper/videos/72.mp4","https://files.itab.link/itab/defaultWallpaper/videos/72.jpg"
"","73.mp4","posters/73.jpg","9849190","ok","https://files.itab.link/itab/defaultWallpaper/videos/73.mp4","https://files.itab.link/itab/defaultWallpaper/videos/73.jpg"
"","74.mp4","posters/74.jpg","9989002","ok","https://files.itab.link/itab/defaultWallpaper/videos/74.mp4","https://files.itab.link/itab/defaultWallpaper/videos/74.jpg"
"660242e9d6f8801722038241","75.mp4","posters/75.jpg","9513717","ok","https://files.itab.link/itab/defaultWallpaper/videos/75.mp4","https://files.itab.link/itab/defaultWallpaper/videos/75.jpg?x-oss-process=image/resize,limit_1,w_1920,h_1080/quality,q_93/format,webp"
"660265cc77b1171136d35176","76.mp4","posters/76.jpg","6785160","ok","https://files.itab.link/itab/defaultWallpaper/videos/76.mp4","https://files.itab.link/itab/defaultWallpaper/videos/76.jpg?x-oss-process=image/resize,limit_1,w_1920,h_1080/quality,q_93/format,webp"
"","77.mp4","posters/77.jpg","10634557","ok","https://files.itab.link/itab/defaultWallpaper/videos/77.mp4","https://files.itab.link/itab/defaultWallpaper/videos/77.jpg"
"66495720ad57705e00f93c14","78.mp4","posters/78.jpg","11296250","ok","https://files.itab.link/itab/defaultWallpaper/videos/78.mp4","https://files.itab.link/itab/defaultWallpaper/videos/78.jpg?x-oss-process=image/resize,limit_1,w_1920,h_1080/quality,q_93/format,webp"
"","79.mp4","posters/79.jpg","15297293","ok","https://files.itab.link/itab/defaultWallpaper/videos/79.mp4","https://files.itab.link/itab/defaultWallpaper/videos/79.jpg"
"","80.mp4","posters/80.jpg","994489","ok","https://files.itab.link/itab/defaultWallpaper/videos/80.mp4","https://files.itab.link/itab/defaultWallpaper/videos/80.jpg"
"6724addbc5a00cfc57080af1","81.mp4","posters/81.jpg","22755332","ok","https://files.itab.link/itab/defaultWallpaper/videos/81.mp4","https://files.itab.link/itab/defaultWallpaper/videos/81.jpg?x-oss-process=image/resize,limit_1,w_1920,h_1080/quality,q_93/format,webp"
"6724ade5c5a00cfc57080af2","82.mp4","posters/82.jpg","29889877","ok","https://files.itab.link/itab/defaultWallpaper/videos/82.mp4","https://files.itab.link/itab/defaultWallpaper/videos/82.jpg?x-oss-process=image/resize,limit_1,w_1920,h_1080/quality,q_93/format,webp"
"","83.mp4","posters/83.jpg","31095232","ok","https://files.itab.link/itab/defaultWallpaper/videos/83.mp4","https://files.itab.link/itab/defaultWallpaper/videos/83.jpg"
"","84.mp4","posters/84.jpg","1667733","ok","https://files.itab.link/itab/defaultWallpaper/videos/84.mp4","https://files.itab.link/itab/defaultWallpaper/videos/84.jpg"
"","85.mp4","posters/85.jpg","44630353","ok","https://files.itab.link/itab/defaultWallpaper/videos/85.mp4","https://files.itab.link/itab/defaultWallpaper/videos/85.jpg"
"","86.mp4","posters/86.jpg","19631289","ok","https://files.itab.link/itab/defaultWallpaper/videos/86.mp4","https://files.itab.link/itab/defaultWallpaper/videos/86.jpg"
"","87.mp4","posters/87.jpg","14078943","ok","https://files.itab.link/itab/defaultWallpaper/videos/87.mp4","https://files.itab.link/itab/defaultWallpaper/videos/87.jpg"
"","88.mp4","posters/88.jpg","6951467","ok","https://files.itab.link/itab/defaultWallpaper/videos/88.mp4","https://files.itab.link/itab/defaultWallpaper/videos/88.jpg"
"","89.mp4","posters/89.jpg","18702311","ok","https://files.itab.link/itab/defaultWallpaper/videos/89.mp4","https://files.itab.link/itab/defaultWallpaper/videos/89.jpg"
"","90.mp4","posters/90.jpg","12356697","ok","https://files.itab.link/itab/defaultWallpaper/videos/90.mp4","https://files.itab.link/itab/defaultWallpaper/videos/90.jpg"
"","91.mp4","posters/91.jpg","14130881","ok","https://files.itab.link/itab/defaultWallpaper/videos/91.mp4","https://files.itab.link/itab/defaultWallpaper/videos/91.jpg"
"","v-1.mp4","posters/v-1.jpg","15793444","ok","https://files.itab.link/itab/defaultWallpaper/videos/v-1.mp4","https://files.itab.link/itab/defaultWallpaper/videos/v-1.jpg"
"","v-2.mp4","posters/v-2.jpg","2673642","ok","https://files.itab.link/itab/defaultWallpaper/videos/v-2.mp4","https://files.itab.link/itab/defaultWallpaper/videos/v-2.jpg"
"","v-3.mp4","posters/v-3.jpg","5918629","ok","https://files.itab.link/itab/defaultWallpaper/videos/v-3.mp4","https://files.itab.link/itab/defaultWallpaper/videos/v-3.jpg"
"","v-4.mp4","posters/v-4.jpg","1544377","ok","https://files.itab.link/itab/defaultWallpaper/videos/v-4.mp4","https://files.itab.link/itab/defaultWallpaper/videos/v-4.jpg"
"","v-5.mp4","posters/v-5.jpg","25260223","ok","https://files.itab.link/itab/defaultWallpaper/videos/v-5.mp4","https://files.itab.link/itab/defaultWallpaper/videos/v-5.jpg"
"","v-6.mp4","posters/v-6.jpg","3818039","ok","https://files.itab.link/itab/defaultWallpaper/videos/v-6.mp4","https://files.itab.link/itab/defaultWallpaper/videos/v-6.jpg"
"","v-7.mp4","posters/v-7.jpg","798511","ok","https://files.itab.link/itab/defaultWallpaper/videos/v-7.mp4","https://files.itab.link/itab/defaultWallpaper/videos/v-7.jpg"
"","v-8.mp4","posters/v-8.jpg","1248375","ok","https://files.itab.link/itab/defaultWallpaper/videos/v-8.mp4","https://files.itab.link/itab/defaultWallpaper/videos/v-8.jpg"
"","v-9.mp4","posters/v-9.jpg","3080187","ok","https://files.itab.link/itab/defaultWallpaper/videos/v-9.mp4","https://files.itab.link/itab/defaultWallpaper/videos/v-9.jpg"
"","v-10.mp4","posters/v-10.jpg","690966","ok","https://files.itab.link/itab/defaultWallpaper/videos/v-10.mp4","https://files.itab.link/itab/defaultWallpaper/videos/v-10.jpg"
"","v-11.mp4","posters/v-11.jpg","4369276","ok","https://files.itab.link/itab/defaultWallpaper/videos/v-11.mp4","https://files.itab.link/itab/defaultWallpaper/videos/v-11.jpg"
"","v-12.mp4","posters/v-12.jpg","6284469","ok","https://files.itab.link/itab/defaultWallpaper/videos/v-12.mp4","https://files.itab.link/itab/defaultWallpaper/videos/v-12.jpg"
"","v-13.mp4","posters/v-13.jpg","8022543","ok","https://files.itab.link/itab/defaultWallpaper/videos/v-13.mp4","https://files.itab.link/itab/defaultWallpaper/videos/v-13.jpg"
"","v-14.mp4","posters/v-14.jpg","4792761","ok","https://files.itab.link/itab/defaultWallpaper/videos/v-14.mp4","https://files.itab.link/itab/defaultWallpaper/videos/v-14.jpg"
"","v-15.mp4","posters/v-15.jpg","440311","ok","https://files.itab.link/itab/defaultWallpaper/videos/v-15.mp4","https://files.itab.link/itab/defaultWallpaper/videos/v-15.jpg"
"62552700452009fb7a5febfe","v-16.mp4","posters/v-16.jpg","1502545","ok","https://files.itab.link/itab/defaultWallpaper/videos/v-16.mp4","https://files.itab.link/itab/defaultWallpaper/videos/v-16.jpg?x-oss-process=image/resize,limit_1,w_1920,h_1080/quality,q_93/format,webp"
"","v-17.mp4","posters/v-17.jpg","1158747","ok","https://files.itab.link/itab/defaultWallpaper/videos/v-17.mp4","https://files.itab.link/itab/defaultWallpaper/videos/v-17.jpg"
"","v-18.mp4","posters/v-18.jpg","826907","ok","https://files.itab.link/itab/defaultWallpaper/videos/v-18.mp4","https://files.itab.link/itab/defaultWallpaper/videos/v-18.jpg"
"63e5ea73a13af8fefdb55e5e","v-19.mp4","posters/v-19.jpg","11516131","ok","https://files.itab.link/itab/defaultWallpaper/videos/v-19.mp4","https://files.itab.link/itab/defaultWallpaper/videos/v-19.jpg?x-oss-process=image/resize,limit_1,w_1920,h_1080/quality,q_93/format,webp"
"","v-20.mp4","posters/v-20.jpg","12124873","ok","https://files.itab.link/itab/defaultWallpaper/videos/v-20.mp4","https://files.itab.link/itab/defaultWallpaper/videos/v-20.jpg"
"63f30f91436d177b8976d159","v-21.mp4","posters/v-21.jpg","4506729","ok","https://files.itab.link/itab/defaultWallpaper/videos/v-21.mp4","https://files.itab.link/itab/defaultWallpaper/videos/v-21.jpg?x-oss-process=image/resize,limit_1,w_1920,h_1080/quality,q_93/format,webp"
"","v-22.mp4","posters/v-22.jpg","5730864","ok","https://files.itab.link/itab/defaultWallpaper/videos/v-22.mp4","https://files.itab.link/itab/defaultWallpaper/videos/v-22.jpg"
"","v-23.mp4","posters/v-23.jpg","1151470","ok","https://files.itab.link/itab/defaultWallpaper/videos/v-23.mp4","https://files.itab.link/itab/defaultWallpaper/videos/v-23.jpg"
"","v-24.mp4","posters/v-24.jpg","5269503","ok","https://files.itab.link/itab/defaultWallpaper/videos/v-24.mp4","https://files.itab.link/itab/defaultWallpaper/videos/v-24.jpg"
"","v-25.mp4","posters/v-25.jpg","7619259","ok","https://files.itab.link/itab/defaultWallpaper/videos/v-25.mp4","https://files.itab.link/itab/defaultWallpaper/videos/v-25.jpg"
"","v-26.mp4","posters/v-26.jpg","6367829","ok","https://files.itab.link/itab/defaultWallpaper/videos/v-26.mp4","https://files.itab.link/itab/defaultWallpaper/videos/v-26.jpg"
"","v-27.mp4","posters/v-27.jpg","2608571","ok","https://files.itab.link/itab/defaultWallpaper/videos/v-27.mp4","https://files.itab.link/itab/defaultWallpaper/videos/v-27.jpg"
"","v-28.mp4","posters/v-28.jpg","7925109","ok","https://files.itab.link/itab/defaultWallpaper/videos/v-28.mp4","https://files.itab.link/itab/defaultWallpaper/videos/v-28.jpg"
"644b3827be4db93bda03c2e1","v-29.mp4","posters/v-29.jpg","9862131","ok","https://files.itab.link/itab/defaultWallpaper/videos/v-29.mp4","https://files.itab.link/itab/defaultWallpaper/videos/v-29.jpg?x-oss-process=image/resize,limit_1,w_1920,h_1080/quality,q_93/format,webp"
"","v-30.mp4","posters/v-30.jpg","9557145","ok","https://files.itab.link/itab/defaultWallpaper/videos/v-30.mp4","https://files.itab.link/itab/defaultWallpaper/videos/v-30.jpg"
"644b384cbe4db93bda03c2e4","v-31.mp4","posters/v-31.jpg","9349525","ok","https://files.itab.link/itab/defaultWallpaper/videos/v-31.mp4","https://files.itab.link/itab/defaultWallpaper/videos/v-31.jpg?x-oss-process=image/resize,limit_1,w_1920,h_1080/quality,q_93/format,webp"
"","v-32.mp4","posters/v-32.jpg","10077124","ok","https://files.itab.link/itab/defaultWallpaper/videos/v-32.mp4","https://files.itab.link/itab/defaultWallpaper/videos/v-32.jpg"